Acetaminophen 325mg	$0.01	ANALGESICS	NaN	NaN
Aspirin 81mg	$0.02	ANALGESICS	NaN	NaN
Ibuprofen 400mg	$0.04	ANALGESICS	NaN	NaN
Naproxen 500mg	$0.05	ANALGESICS	NaN	NaN
Naproxen 250mg	$0.06	ANALGESICS	NaN	NaN
Codeine/Acetaminophen 30mg/300mg	$0.04	ANALGESICS	NaN	NaN
Oxycodone/Acetaminophen 5mg/325mg	$0.08	ANALGESICS	NaN	NaN
Morphine Extended Release 30mg	$0.66	ANALGESICS	NaN	NaN
Morphine Extended Release 15mg	$0.21	ANALGESICS	NaN	NaN
Morphine SR 30mg	$0.42	ANALGESICS	NaN	NaN
Morphine SR 60mg	$2.42	ANALGESICS	NaN	NaN
Hydromorphone 2mg	$0.09	ANALGESICS	NaN	NaN
Hydromorphone 4mg	$0.11	ANALGESICS	NaN	NaN
Oxycodone 5mg	$0.10	ANALGESICS	NaN	NaN
Gabapentin 400mg	$0.11	ANALGESICS	NaN	NaN
Gabapentin 100mg	$0.06	ANALGESICS	NaN	NaN
Gabapentin 600mg	$0.58	ANALGESICS	NaN	NaN
Gabapentin 300mg	$0.08	ANALGESICS	NaN	NaN
Amitriptyline 50mg	$0.47	ANALGESICS	NaN	NaN
Amitriptyline 10mg	$0.02	ANALGESICS	NaN	NaN
Amitriptyline 25mg	$0.02	ANALGESICS	NaN	NaN
Pregabalin (Lyrica)- DO NOT PRESCRIBE. See TS for PDAP. 25mg, 50mg	$2.88	ANALGESICS	NaN	NaN
Pregabalin (Lyrica)- DO NOT PRESCRIBE. See TS for PDAP. 75mg, 100mg	$3.16	ANALGESICS	NaN	NaN
Duloxetine - DO NOT PRESCRIBE. See TS for PDAP. 75mg, 100mg	$3.16	ANALGESICS	NaN	NaN
Duloxetine - DO NOT PRESCRIBE. See TS for PDAP. 25mg, 50mg	$2.88	ANALGESICS	NaN	NaN
Fentanyl Patches - DO NOT PRESCRIBE. See TS for PDAP. 25mg, 50mg	$2.88	ANALGESICS	NaN	NaN
Fentanyl Patches - DO NOT PRESCRIBE. See TS for PDAP. 75mg, 100mg	$3.16	ANALGESICS	NaN	NaN
Liquid Morphine (roxanol) - DO NOT PRESCRIBE 25mg, 50mg	$2.88	ANALGESICS	NaN	NaN
Liquid Morphine (roxanol) - DO NOT PRESCRIBE 75mg, 100mg	$3.16	ANALGESICS	NaN	NaN
Calcium Carbonate 1250mg	$0.05	VITAMINS	NaN	NaN
Calcium Carbonate 648mg	$0.01	VITAMINS	NaN	NaN
Cyanocobalamin tablets and injections 648mg	$0.01	VITAMINS	NaN	NaN
Cyanocobalamin tablets and injections 1250mg	$0.05	VITAMINS	NaN	NaN
Folate 1mg	$0.01	VITAMINS	NaN	NaN
Iron Sulfate 325mg	$0.01	VITAMINS	NaN	NaN
Ferrous gluconate 325mg 325mg	$0.01	VITAMINS	NaN	NaN
Multivitamin 	$0.01	VITAMINS	NaN	NaN
Potassium Chloride 10meq	$0.09	VITAMINS	NaN	NaN
Potassium Chloride 20meq	$0.08	VITAMINS	NaN	NaN
Pyridoxine B6 50mg	$0.01	VITAMINS	NaN	NaN
Thiamine B1 50mg	$0.01	VITAMINS	NaN	NaN
Vitamin D 400IU	$0.01	VITAMINS	NaN	NaN
Vitamin D2 Ergocalciferol 50000IU	$1.14	VITAMINS	NaN	NaN
Vitamin D3 Cholecalciferol 	$1.00	VITAMINS	NaN	NaN
Clotrimazole topical cream 15g	$1.06	ANTIFUNGALS	NaN	NaN
Bacitracin ointment 0.5% 1oz	$3.21	ANTIFUNGALS	NaN	NaN
Econazole nit cream 1% 15g	$4.28	ANTIFUNGALS	NaN	NaN
Erythromycin ophthalmic ointment 0.5% 1g	$5.90	ANTIFUNGALS	NaN	NaN
Ketoconazole cream 2% 30g	$4.79	ANTIFUNGALS	NaN	NaN
Econazole nitrate (Spectrazole) - DO NOT PRESCRIBE 	$4.79	ANTIFUNGALS	NaN	NaN

Clindamycin 1% solution - DO NOT PRESCRIBE 	$51.76	ANTIFUNGALS	NaN	NaN
Tears Artificial Oph Soln 15mL 	$17.13	ANTIFUNGALS	NaN	NaN
Patanol - DO NOT PRESCRIBE. See TS for PDAP. 	$4.79	ANTIFUNGALS	NaN	NaN
Penicillin V 250mg	$0.07	ANTIMICROBIALS	NaN	NaN
Amoxicillin 500mg	$0.06	ANTIMICROBIALS	NaN	NaN
Amoxicillin / Clavulanate 875mg	$0.80	ANTIMICROBIALS	NaN	NaN
Cephalexin 250mg	$0.07	ANTIMICROBIALS	NaN	NaN
Cephalexin 500mg	$0.10	ANTIMICROBIALS	NaN	NaN
Ceftriaxone 	$0.71	ANTIMICROBIALS	NaN	NaN
Clindamycin 150mg	$0.07	ANTIMICROBIALS	NaN	NaN
Ciprofloxacin 250mg	$0.11	ANTIMICROBIALS	NaN	NaN
Ciprofloxacin 500mg	$0.19	ANTIMICROBIALS	NaN	NaN
Ciprofloxacin 750mg	$0.28	ANTIMICROBIALS	NaN	NaN
Levaquin 500mg	$0.26	ANTIMICROBIALS	NaN	NaN
Levaquin 250mg	$0.24	ANTIMICROBIALS	NaN	NaN
Levaquin 740mg	$0.47	ANTIMICROBIALS	NaN	NaN
Erythromycin 250mg	$2.68	ANTIMICROBIALS	NaN	NaN
Azithromycin 250mg	$0.64	ANTIMICROBIALS	NaN	NaN
Fluconazole 50mg	$0.06	ANTIMICROBIALS	NaN	NaN
Fluconazole 200mg	$0.20	ANTIMICROBIALS	NaN	NaN
Fluconazole 150mg	$1.90	ANTIMICROBIALS	NaN	NaN
Fluconazole 100mg	$0.53	ANTIMICROBIALS	NaN	NaN
Itraconazole 100mg	$0.53	ANTIMICROBIALS	NaN	NaN
Itraconazole 50mg	$0.06	ANTIMICROBIALS	NaN	NaN
Itraconazole 200mg	$0.20	ANTIMICROBIALS	NaN	NaN
Itraconazole 150mg	$0.37	ANTIMICROBIALS	NaN	NaN
Ketoconazole 200mg	$0.16	ANTIMICROBIALS	NaN	NaN
Metronidazole 250mg	$0.03	ANTIMICROBIALS	NaN	NaN
Miconazole, 2% Vaginal Cream 1 tube	$6.85	ANTIMICROBIALS	NaN	NaN
Isoniazid 300mg	$0.15	ANTIMICROBIALS	NaN	NaN
Rifampin 400mg	$0.54	ANTIMICROBIALS	NaN	NaN
RIPE THERAPY 400mg	$0.54	ANTIMICROBIALS	NaN	NaN
Terbinafine 250mg	$0.12	ANTIMICROBIALS	NaN	NaN
TMP/SMX DS tab 160mg/800mg	$0.06	ANTIMICROBIALS	NaN	NaN
TMP/SMX SS tab 80mg/400mg	$0.12	ANTIMICROBIALS	NaN	NaN
Valacyclovir 1g	$2.00	ANTIMICROBIALS	NaN	NaN
Valacyclovir 500mg	$0.78	ANTIMICROBIALS	NaN	NaN
Famciclovir 500mg	$1.76	ANTIMICROBIALS	NaN	NaN
Acyclovir 200mg	$0.05	ANTIMICROBIALS	NaN	NaN
Ganciclovir 200mg	$0.05	ANTIMICROBIALS	NaN	NaN
Lisinopril 20mg	$0.03	ANTI-HYPERTENSIVES	NaN	NaN
Lisinopril 10mg	$0.02	ANTI-HYPERTENSIVES	NaN	NaN
Enalapril 20mg	$0.02	ANTI-HYPERTENSIVES	NaN	NaN
Losartan 50mg	$0.08	ANTI-HYPERTENSIVES	NaN	NaN
Losartan 25mg	$0.05	ANTI-HYPERTENSIVES	NaN	NaN
Losartan 100mg	$0.08	ANTI-HYPERTENSIVES	NaN	NaN
Valsartan - DO NOT PRESCRIBE. See TS for PDAP. 100mg	$0.08	ANTI-HYPERTENSIVES	NaN	NaN
Valsartan - DO NOT PRESCRIBE. See TS for PDAP. 50mg	$0.08	ANTI-HYPERTENSIVES	NaN	NaN
Valsartan - DO NOT PRESCRIBE. See TS for PDAP. 25mg	$0.05	ANTI-HYPERTENSIVES	NaN	NaN
Furosemide 40mg	$0.02	ANTI-HYPERTENSIVES	NaN	NaN
Furosemide 20mg	$0.03	ANTI-HYPERTENSIVES	NaN	NaN
Chlorthalidone - DO NOT PRESCRIBE. See TS for clearance. 25mg,50mg	$0.73	ANTI-HYPERTENSIVES	NaN	NaN
Hydrochlorothiazide 25mg, 50mg	$0.02	ANTI-HYPERTENSIVES	NaN	NaN
Spironolactone 25mg	$0.07	ANTI-HYPERTENSIVES	NaN	NaN
Acetazolamide 250mg	$1.96	ANTI-HYPERTENSIVES	NaN	NaN
Metoprolol Tartrate 100mg	$0.03	ANTI-HYPERTENSIVES	NaN	NaN
Metoprolol Tartrate 50mg	$0.02	ANTI-HYPERTENSIVES	NaN	NaN
Propranolol 80mg	$0.04	ANTI-HYPERTENSIVES	NaN	NaN
Propranolol 40mg	$0.02	ANTI-HYPERTENSIVES	NaN	NaN
Propranolol 10mg	$0.03	ANTI-HYPERTENSIVES	NaN	NaN
Atenolol 25mg	$0.01	ANTI-HYPERTENSIVES	NaN	NaN
Atenolol 50mg	$0.02	ANTI-HYPERTENSIVES	NaN	NaN
Nifedipine 60mg	$0.81	ANTI-HYPERTENSIVES	NaN	NaN
Nifedipine 30mg	$0.46	ANTI-HYPERTENSIVES	NaN	NaN
Amlodipine 2.5mg	$0.03	ANTI-HYPERTENSIVES	NaN	NaN
Diltiazem 30mg	$0.02	ANTI-HYPERTENSIVES	NaN	NaN
Diltiazem 60mg	$0.04	ANTI-HYPERTENSIVES	NaN	NaN
Diltiazem 300mg	$0.86	ANTI-HYPERTENSIVES	NaN	NaN
Diltiazem 120mg	$0.41	ANTI-HYPERTENSIVES	NaN	NaN
Diltiazem 180mg	$0.49	ANTI-HYPERTENSIVES	NaN	NaN
Diltiazem 240mg	$0.69	ANTI-HYPERTENSIVES	NaN	NaN
Verapamil 80mg	$0.05	ANTI-HYPERTENSIVES	NaN	NaN
Verapamil 120mg	$0.05	ANTI-HYPERTENSIVES	NaN	NaN
Verapamil 120mg	$0.22	ANTI-HYPERTENSIVES	NaN	NaN
Verapamil 240mg	$0.16	ANTI-HYPERTENSIVES	NaN	NaN
Verapamil 180mg	$0.17	ANTI-HYPERTENSIVES	NaN	NaN
Nitroglycerin 0.4mg tab 25pack 	$0.33	ANTI-HYPERTENSIVES	NaN	NaN
Isosorbide mononitrate 30mg	$0.18	ANTI-HYPERTENSIVES	NaN	NaN
Isosorbide mononitrate 60mg	$0.20	ANTI-HYPERTENSIVES	NaN	NaN
Digoxin 0.125mg	$0.26	ANTI-HYPERTENSIVES	NaN	NaN
Digoxin 0.25mg	$0.26	ANTI-HYPERTENSIVES	NaN	NaN
Terazosin 1mg	$0.04	ANTI-HYPERTENSIVES	NaN	NaN
Clonidine 0.1mg	$0.02	ANTI-HYPERTENSIVES	NaN	NaN
Clonidine 0.2mg	$0.03	ANTI-HYPERTENSIVES	NaN	NaN
Simvastatin 20mg	$0.04	ANTI-HYPERLIPIDEMICS	NaN	NaN
Simvastatin 40mg	$0.05	ANTI-HYPERLIPIDEMICS	NaN	NaN
Simvastatin 10mg	$0.04	ANTI-HYPERLIPIDEMICS	NaN	NaN
Rosuvastatin (Crestor) - DO NOT PRESCRIBE 10mg, 20mg, 40mg	$5.00	ANTI-HYPERLIPIDEMICS	NaN	NaN
Pravastatin 40mg	$0.07	ANTI-HYPERLIPIDEMICS	NaN	NaN
Pravastatin 20mg	$0.18	ANTI-HYPERLIPIDEMICS	NaN	NaN
Pravastatin 80mg	$0.16	ANTI-HYPERLIPIDEMICS	NaN	NaN
Pravastatin 10mg	$0.07	ANTI-HYPERLIPIDEMICS	NaN	NaN
Atorvastatin 20mg	$0.25	ANTI-HYPERLIPIDEMICS	NaN	NaN
Atorvastatin 10mg	$0.09	ANTI-HYPERLIPIDEMICS	NaN	NaN
Atorvastatin 80mg	$0.11	ANTI-HYPERLIPIDEMICS	NaN	NaN
Atorvastatin 40mg	$0.09	ANTI-HYPERLIPIDEMICS	NaN	NaN
Red yeast rice 20mg	$0.18	ANTI-HYPERLIPIDEMICS	NaN	NaN
Red yeast rice 80mg	$0.16	ANTI-HYPERLIPIDEMICS	NaN	NaN
Red yeast rice 40mg	$0.07	ANTI-HYPERLIPIDEMICS	NaN	NaN
Red yeast rice 10mg	$0.07	ANTI-HYPERLIPIDEMICS	NaN	NaN
Niacin 500mg	$0.2	ANTI-HYPERLIPIDEMICS	NaN	NaN
Gemfibrozil 600mg	$0.15	ANTI-HYPERLIPIDEMICS	NaN	NaN
Fenofibrate (Tricor, Triglide) - DO NOT PRESCRIBE. See TS for PDAP. 600mg	$0.15	ANTI-HYPERLIPIDEMICS	NaN	NaN
Aspirin 81mg	$0.02	ANTI-HYPERLIPIDEMICS	NaN	NaN
Warfarin 1mg	$0.03	ANTI-HYPERLIPIDEMICS	NaN	NaN
Warfarin 2mg, 2.5mg, 3mg, 4mg, 5mg	$0.04	ANTI-HYPERLIPIDEMICS	NaN	NaN
Warfarin 5mg, 7.5mg, 10mg	$0.05	ANTI-HYPERLIPIDEMICS	NaN	NaN
Clopidogrel (Plavix) - DO NOT PRESCRIBE 75mg	$6.08	ANTI-HYPERLIPIDEMICS	NaN	NaN
Lifestyle Modification 	$0.00	DIABETES	NaN	NaN
Metformin 850mg	$0.03	DIABETES	NaN	NaN
Metformin 500mg	$0.10	DIABETES	NaN	NaN
Glimepiride 1mg	$0.02	DIABETES	NaN	NaN
Glimepiride 2mg	$0.04	DIABETES	NaN	NaN
Glimepiride 4mg	$0.26	DIABETES	NaN	NaN
Glipizide XL formulations only 10mg	$0.27	DIABETES	NaN	NaN
Glipizide XL formulations only 5mg	$0.14	DIABETES	NaN	NaN
Glipizide XL formulations only 2.5mg	$0.22	DIABETES	NaN	NaN
Glucometer lancets 5mg	$0.14	DIABETES	NaN	NaN
Glucometer lancets 10mg	$0.27	DIABETES	NaN	NaN
Glucometer lancets 2.5mg	$0.22	DIABETES	NaN	NaN
Glucometer test strips 5mg	$0.14	DIABETES	NaN	NaN
Glucometer test strips 10mg	$0.27	DIABETES	NaN	NaN
Glucometer test strips 2.5mg	$0.22	DIABETES	NaN	NaN
Glucometers 5mg	$0.14	DIABETES	NaN	NaN
Glucometers 10mg	$0.27	DIABETES	NaN	NaN
Glucometers 2.5mg	$0.22	DIABETES	NaN	NaN
Insulin 	$20.00	DIABETES	NaN	NaN
Insulin LANTUS - DO NOT PRESCRIBE 10mL	$116.27	DIABETES	NaN	NaN

Pioglitazone (Actos) - DO NOT PRESCRIBE 10mL	$116.27	DIABETES	NaN	NaN
Rosiglitazone (Avandia) - DO NOT PRESCRIBE. See TS for PDAP.. 4mg	$0.91	DIABETES	NaN	NaN
Januvia - DO NOT PRESCRIBE. See TS for PDAP. 4mg	$0.91	DIABETES	NaN	NaN
Tums FOR GERD PATIENTS PPI GUIDELINES REQUIRED (link above) 4mg	$0.91	GI DRUGS FOR GERD PATIENTS PPI GUIDELINES REQUIRED (link above)	NaN	NaN
Maalox (Calcium Carbonate) FOR GERD PATIENTS PPI GUIDELINES REQUIRED 4mg	$0.91	GI DRUGS FOR GERD PATIENTS PPI GUIDELINES REQUIRED (link above)	NaN	NaN
Omeprazole FOR GERD PATIENTS PPI GUIDELINES REQUIRED 20mg OTC tab	$0.47	GI DRUGS FOR GERD PATIENTS PPI GUIDELINES REQUIRED (link above)	NaN	NaN
Omeprazole FOR GERD PATIENTS PPI GUIDELINES REQUIRED 40mg	$0.15	GI DRUGS FOR GERD PATIENTS PPI GUIDELINES REQUIRED (link above)	NaN	NaN
Esomeprazole (Nexium) - DO NOT PRESCRIBE - FOR GERD PATIENTS PPI GUIDELINES REQUIRED (link above) 20mg,40mg	$6	GI DRUGS FOR GERD PATIENTS PPI GUIDELINES REQUIRED (link above)	NaN	NaN
Famotidine 20mg	$0.03	GI DRUGS FOR GERD PATIENTS PPI GUIDELINES REQUIRED (link above)	NaN	NaN
Famotidine 40mg	$0.05	GI DRUGS FOR GERD PATIENTS PPI GUIDELINES REQUIRED (link above)	NaN	NaN
Ranitidine 150mg	$0.02	GI DRUGS FOR GERD PATIENTS PPI GUIDELINES REQUIRED (link above)	NaN	NaN
Pantoprazole (Protonix) - PREFERRED PPI - FOR GERD PATIENTS PPI GUIDELINES REQUIRED 40mg	$0.07	GI DRUGS FOR GERD PATIENTS PPI GUIDELINES REQUIRED (link above)	NaN	NaN
Pantoprazole (Protonix) - PREFERRED PPI - FOR GERD PATIENTS PPI GUIDELINES REQUIRED 20mg	$0.11	GI DRUGS FOR GERD PATIENTS PPI GUIDELINES REQUIRED (link above)	NaN	NaN
Misoprostol 50mg	$0.45	GI DRUGS FOR GERD PATIENTS PPI GUIDELINES REQUIRED (link above)	NaN	NaN
Misoprostol 100mg	$0.35	GI DRUGS FOR GERD PATIENTS PPI GUIDELINES REQUIRED (link above)	NaN	NaN
Docusate sodium 100mg	$0.01	GI DRUGS FOR GERD PATIENTS PPI GUIDELINES REQUIRED (link above)	NaN	NaN
Senna 8.6mg	$0.01	GI DRUGS FOR GERD PATIENTS PPI GUIDELINES REQUIRED (link above)	NaN	NaN
Bisacodyl 5mg	$0.01	GI DRUGS FOR GERD PATIENTS PPI GUIDELINES REQUIRED (link above)	NaN	NaN
Bisacodyl 10mg	$0.12	GI DRUGS FOR GERD PATIENTS PPI GUIDELINES REQUIRED (link above)	NaN	NaN
Miralax 10mg	$0.12	GI DRUGS FOR GERD PATIENTS PPI GUIDELINES REQUIRED (link above)	NaN	NaN
Miralax 5mg	$0.01	GI DRUGS FOR GERD PATIENTS PPI GUIDELINES REQUIRED (link above)	NaN	NaN
MoviPrep 5mg	$0.01	GI DRUGS FOR GERD PATIENTS PPI GUIDELINES REQUIRED (link above)	NaN	NaN
MoviPrep 10mg	$0.12	GI DRUGS FOR GERD PATIENTS PPI GUIDELINES REQUIRED (link above)	NaN	NaN
Erythromycin 250mg	$2.68	GI DRUGS FOR GERD PATIENTS PPI GUIDELINES REQUIRED (link above)	NaN	NaN
Meclizine 25mg	$0.30	GI DRUGS FOR GERD PATIENTS PPI GUIDELINES REQUIRED (link above)	NaN	NaN
Metoclopramide 10mg	$0.03	GI DRUGS FOR GERD PATIENTS PPI GUIDELINES REQUIRED (link above)	NaN	NaN
Simethicone 80mg	$0.01	GI DRUGS FOR GERD PATIENTS PPI GUIDELINES REQUIRED (link above)	NaN	NaN
Fluoxetine 10mg	$0.02	PSYCHOTROPICS	NaN	NaN
Fluoxetine 20mg	$0.03	PSYCHOTROPICS	NaN	NaN
Citalopram 40mg	$0.12	PSYCHOTROPICS	NaN	NaN
Citalopram 10mg	$0.11	PSYCHOTROPICS	NaN	NaN
Citalopram 20mg	$0.05	PSYCHOTROPICS	NaN	NaN
Mirtazapine 45mg	$0.44	PSYCHOTROPICS	NaN	NaN
Mirtazapine 30mg	$0.34	PSYCHOTROPICS	NaN	NaN
Mirtazapine 15mg	$0.18	PSYCHOTROPICS	NaN	NaN
Paroxetine 20mg	$0.09	PSYCHOTROPICS	NaN	NaN
Paroxetine 30mg	$0.11	PSYCHOTROPICS	NaN	NaN
Sertraline 50mg	$0.23	PSYCHOTROPICS	NaN	NaN
Sertraline 25mg	$0.05	PSYCHOTROPICS	NaN	NaN
Sertraline 100mg	$0.08	PSYCHOTROPICS	NaN	NaN
Buproprion 150mg SR	$0.24	PSYCHOTROPICS	NaN	NaN
Buproprion 200mg SR	$0.65	PSYCHOTROPICS	NaN	NaN
Buproprion 100mg	$0.34	PSYCHOTROPICS	NaN	NaN
Buproprion 75mg	$0.25	PSYCHOTROPICS	NaN	NaN
Nortryptiline 25mg	$0.11	PSYCHOTROPICS	NaN	NaN
Nortryptiline 10mg	$0.07	PSYCHOTROPICS	NaN	NaN
Amitriptyline 50mg	$0.47	PSYCHOTROPICS	NaN	NaN
Amitriptyline 10mg	$0.02	PSYCHOTROPICS	NaN	NaN
Amitriptyline 25mg	$0.02	PSYCHOTROPICS	NaN	NaN
Lithium 300mg cap	$0.02	PSYCHOTROPICS	NaN	NaN
Lithium 300mg tab	$0.16	PSYCHOTROPICS	NaN	NaN
Haloperidol 0.5mg, 1mg, 2mg, 5mg, 10mg	$0.40-$0.59	PSYCHOTROPICS	NaN	NaN
Risperidone 1mg	$0.26	PSYCHOTROPICS	NaN	NaN
Risperidone 2mg	$0.28	PSYCHOTROPICS	NaN	NaN
Risperidone 3mg	$0.28	PSYCHOTROPICS	NaN	NaN
Risperidone 0.25mg	$0.19	PSYCHOTROPICS	NaN	NaN
Quetiapine 25mg, 100mg, 200mg	$0.11	PSYCHOTROPICS	NaN	NaN
Aripiprazole (Abilify): : DO NOT PRESCRIBE. See TS for PDAP. 2mg, 5mg, 10mg, 15mg, 20mg, 30mg	$12.20-$22.01	PSYCHOTROPICS	NaN	NaN
Alprazolam 0.25mg, 0.5mg, 1mg	$0.03	PSYCHOTROPICS	NaN	NaN
Lorazepam 0.5mg	$0.02	PSYCHOTROPICS	NaN	NaN
Lorazepam 1mg	$0.03	PSYCHOTROPICS	NaN	NaN
Lorazepam 2mg	$0.05	PSYCHOTROPICS	NaN	NaN
Clonazepam 2mg	$0.04	PSYCHOTROPICS	NaN	NaN
Clonazepam 0.5mg	$0.01	PSYCHOTROPICS	NaN	NaN
Clonazepam 1mg	$0.03	PSYCHOTROPICS	NaN	NaN
Cyclobenzaprine 10mg	$0.03	PSYCHOTROPICS	NaN	NaN
Cyclobenzaprine 5mg	$0.04	PSYCHOTROPICS	NaN	NaN
Zolpidem 5mg	$0.02	PSYCHOTROPICS	NaN	NaN
Zolpidem 10mg	$0.04	PSYCHOTROPICS	NaN	NaN
Trazodone 100mg	$0.04	PSYCHOTROPICS	NaN	NaN
Trazodone 50mg	$0.02	PSYCHOTROPICS	NaN	NaN
Topamax 25mg	$0.04	PSYCHOTROPICS	NaN	NaN
Valproate/Valproic acid 125mg, 250mg, 500mg	$0.07-$0.13	PSYCHOTROPICS	NaN	NaN
Lamotrigine 25mg, 100mg, 150mg, 200mg	$0.06-$0.09	PSYCHOTROPICS	NaN	NaN
Carbamazepine 200mg	$0.67	PSYCHOTROPICS	NaN	NaN
Gabapentin 100mg	$0.08	PSYCHOTROPICS	NaN	NaN
Gabapentin 600mg	$0.42	PSYCHOTROPICS	NaN	NaN
Gabapentin 300mg	$0.09	PSYCHOTROPICS	NaN	NaN
Pregabalin (Lyrica)- DO NOT PRESCRIBE. See TS for PDAP. 25mg, 50mg	$2.88	PSYCHOTROPICS	NaN	NaN
Pregabalin (Lyrica)- DO NOT PRESCRIBE. See TS for PDAP. 75mg, 100mg	$3.16	PSYCHOTROPICS	NaN	NaN
Prednisone 50mg	$0.16	ASTHMA/COPD	NaN	NaN
Prednisone 5mg	$0.02	ASTHMA/COPD	NaN	NaN
Prednisone 1mg	$0.10	ASTHMA/COPD	NaN	NaN
Prednisone 10mg	$0.12	ASTHMA/COPD	NaN	NaN
Prednisone 20mg	$0.04	ASTHMA/COPD	NaN	NaN
Albuterol HFA Inhaler 18mcg	$37.25	ASTHMA/COPD	NaN	NaN
Fluticasone inhaler (Flovent) - DO NOT PRESCRIBE. See TS for PDAP. 	$217.08	ASTHMA/COPD	NaN	NaN
Montelukast (Singulair) -DO NOT PRESCRIBE. See TS for PDAP. 	$217.08	ASTHMA/COPD	NaN	NaN
Fluticasone/salmeterol (Advair) - DO NOT PRESCRIBE. See TS for PDAP. 	$182.52	ASTHMA/COPD	NaN	NaN
Ipratroprium/Salmeterol (Atrovent) - DO NOT PRESCRIBE. See TS for PDAP. 	$182.52	ASTHMA/COPD	NaN	NaN
Budesonide/formeterol (Symbicort) - DO NOT PRESCRIBE. See TS for PDAP. 	$182.52	ASTHMA/COPD	NaN	NaN
Asthma medication spacer 	$182.52	ASTHMA/COPD	NaN	NaN
Diphenhydramine 50mg	$0.02	ALLERGIES	NaN	NaN
Diphenhydramine 25mg	$0.01	ALLERGIES	NaN	NaN
Loratadine 10mg	$0.12	ALLERGIES	NaN	NaN
Cetirizine 5mg	$0.06	ALLERGIES	NaN	NaN
Cetirizine 10mg	$0.05	ALLERGIES	NaN	NaN
Isotonic saline spray 0.65% 45mL 	$0.59	ALLERGIES	NaN	NaN
beclomethasone nasal (Beconase AQ) - DO NOT PRESCRIBE. See TS for PDAP. 	$0.59	ALLERGIES	NaN	NaN
fluticasone nasal spray 	$4.02	ALLERGIES	NaN	NaN
Hydroxyzine 25mg	$0.09	ALLERGIES	NaN	NaN
Hydroxyzine 50mg	$0.15	ALLERGIES	NaN	NaN
Hydroxyzine 10mg	$0.12	ALLERGIES	NaN	NaN
Ursodiol 300mg	$0.22	ALLERGIES	NaN	NaN
Epipen - TALK TO TS BEFORE PRESCRIBING Dual Pack	$150	ALLERGIES	NaN	NaN
Hydrocortisone 1% cream 30g	$1.14	DERMATOLOGY	NaN	NaN
Hydrocortisone 0.5% ointment 30g	$2.76	DERMATOLOGY	NaN	NaN
Hydrocortisone 1% ointment 30g	$0.76	DERMATOLOGY	NaN	NaN
Triamcinolone acetonide 0.1% cream 15g	$5.45	DERMATOLOGY	NaN	NaN
Triamcinolone acetonide 0.1% cream 30g	$5.63	DERMATOLOGY	NaN	NaN
Mometasone furoate 0.1% cream 45gm 	$7.25	DERMATOLOGY	NaN	NaN
Betamethasone 0.1% 15g	$2.74	DERMATOLOGY	NaN	NaN
Clobetasol 0.05% 45g cream 	$9.21	DERMATOLOGY	NaN	NaN
BenzaClin gel - DO NOT PRESCRIBE 	$380	DERMATOLOGY	NaN	NaN
Terazosin 1mg, 2mg, 5mg	$0.07	MALE GU	NaN	NaN
Finasteride 5mg	$0.09	MALE GU	NaN	NaN
Tamsulosin (Flomax) - DO NOT PRESCRIBE 5mg	$0.23	MALE GU	NaN	NaN
Sildenafil (Viagra) - DO NOT PRESCRIBE. See TS for PDAP. 5mg	$0.23	MALE GU	NaN	NaN
Caverject (alprostadil) - DO NOT PRESCRIBE. See TS for PDAP. 5mg	$0.23	MALE GU	NaN	NaN
Prednisone 50mg	$0.16	IMMUNE/METABOLIC/ENDOCRINE	NaN	NaN
Prednisone 5mg	$0.02	IMMUNE/METABOLIC/ENDOCRINE	NaN	NaN
Prednisone 1mg	$0.10	IMMUNE/METABOLIC/ENDOCRINE	NaN	NaN
Prednisone 10mg	$0.12	IMMUNE/METABOLIC/ENDOCRINE	NaN	NaN
Prednisone 20mg	$0.04	IMMUNE/METABOLIC/ENDOCRINE	NaN	NaN
Methotrexate 2.5mg	$1.52	IMMUNE/METABOLIC/ENDOCRINE	NaN	NaN
Hydroxychloroquine 200mg	$0.11	IMMUNE/METABOLIC/ENDOCRINE	NaN	NaN
Azathioprine 50mg	$0.12	IMMUNE/METABOLIC/ENDOCRINE	NaN	NaN
Sulfasalazine 500mg	$0.17	IMMUNE/METABOLIC/ENDOCRINE	NaN	NaN
Levothyroxine 175mcg	$0.20	IMMUNE/METABOLIC/ENDOCRINE	NaN	NaN
Levothyroxine 75mcg	$0.12	IMMUNE/METABOLIC/ENDOCRINE	NaN	NaN
Levothyroxine 200mcg	$0.66	IMMUNE/METABOLIC/ENDOCRINE	NaN	NaN
Methimazole 10mg	$0.18	IMMUNE/METABOLIC/ENDOCRINE	NaN	NaN
Propylthiouracil 50mg	$0.35	IMMUNE/METABOLIC/ENDOCRINE	NaN	NaN
Alendronate 70mg	$0.60	IMMUNE/METABOLIC/ENDOCRINE	NaN	NaN
Nicotine Patches 70mg	$0.60	SMOKING CESSATION	NaN	NaN
Buproprion 70mg	$0.60	SMOKING CESSATION	NaN	NaN
Topiramate 25mg	$0.04	SMOKING CESSATION	NaN	NaN
Hepatitis A 25mg	$0.03	VACCINES: All Vaccines in IMA cabinet.	NaN	NaN
Hepatitis B 25mg	$0.03	VACCINES: All Vaccines in IMA cabinet.	NaN	NaN
Pneumovax 25mg	$0.03	VACCINES: All Vaccines in IMA cabinet.	NaN	NaN
Tetanus toxoid 25mg	$0.03	VACCINES: All Vaccines in IMA cabinet.	NaN	NaN
Diptheria and Tetanus 25mg	$0.03	VACCINES: All Vaccines in IMA cabinet.	NaN	NaN
Diptheria, Pertussis and Tetanus 25mg	$0.03	VACCINES: All Vaccines in IMA cabinet.	NaN	NaN
MMR 25mg	$0.03	VACCINES: All Vaccines in IMA cabinet.	NaN	NaN
Polio 25mg	$0.03	VACCINES: All Vaccines in IMA cabinet.	NaN	NaN
Meningococcal 25mg	$0.03	VACCINES: All Vaccines in IMA cabinet.	NaN	NaN
Zoster Vax 25mg	$0.03	VACCINES: All Vaccines in IMA cabinet.	NaN	NaN
Gardasil  NOT AVAILABLE IN WHC 25mg	$0.03	VACCINES: All Vaccines in IMA cabinet.	NaN	NaN
Meningococcal 25mg	$0.03	VACCINES: All Vaccines in IMA cabinet.	NaN	NaN
Zoster Vax 25mg	$0.03	VACCINES: All Vaccines in IMA cabinet.	NaN	NaN
Gardasil 25mg	$0.03	VACCINES: All Vaccines in IMA cabinet.	NaN	NaN
Ethinyl estradiol w/ Norgestimate 28-day pack	$10.08	Contraception	NaN	NaN
Ethinyl estradiol w/ Norethidrone 28-day pack	$16.52	Contraception	NaN	NaN
Ethinyl estradiol w/ Desogestrel 28-day pack	$17.64	Contraception	NaN	NaN
Ethinyl estradiol w/ Levonorgestrel triphasic 28-day pack	$17.64	Contraception	NaN	NaN
Ethinyl estradiol w/ Levonorgestrel 28-day pack	$19.04	Contraception	NaN	NaN
Medroxyprogesterone IM injection (Depo Provera)- PATIENT MUST PAY 1 injection	$45	Contraception	NaN	NaN

Medroxyprogesterone 2.5mg tab 1 tab	$0.04	Estrogen Therapy	NaN	NaN
Condoms 5mg	$0.23	Estrogen Therapy	NaN	NaN
Conjugated Estrogens Vaginal Cream - DO NOT PRESCRIBE. See TS for PDAP. 	$45	Estrogen Therapy	NaN	NaN